source_layer,source_feature,target_layer,target_feature,correlation,type
4,4257,4,4807,1.0,within_layer
4,3911,4,4807,0.9999999999999994,within_layer
4,4257,4,3911,0.9999999999999984,within_layer
4,7229,4,13350,0.9994758644676737,within_layer
4,15896,4,1637,0.9574897720859803,within_layer
4,15131,4,15896,0.9565261609950892,within_layer
4,4223,4,10876,0.935157946771609,within_layer
4,15131,4,1637,0.8981718356963977,within_layer
4,4386,4,15896,0.8783341649531697,within_layer
4,1637,4,6680,0.8713977806310126,within_layer
4,4386,4,1637,0.8669300499078347,within_layer
4,4386,4,15131,0.8613043177488471,within_layer
4,15896,4,6680,0.8567865713549611,within_layer
4,1602,4,15131,0.8436714681506692,within_layer
4,1602,4,15896,0.8394921991552746,within_layer
4,15131,4,6680,0.8060468493869828,within_layer
4,8465,4,1602,0.7980904961950733,within_layer
4,1602,4,4386,0.7708248632364392,within_layer
4,1602,4,1637,0.7706892032583401,within_layer
4,4386,4,6680,0.7585218479274215,within_layer
4,15131,4,16146,0.7560857160139381,within_layer
4,1701,4,15896,0.7481618288891725,within_layer
4,1701,4,15131,0.7389892450361001,within_layer
4,4223,4,4132,0.7384424012296944,within_layer
4,16146,4,6680,0.7380712570075203,within_layer
4,5087,4,7229,0.7349555085812686,within_layer
4,8465,4,15131,0.7327860632641264,within_layer
4,10876,4,4132,0.730765515088582,within_layer
4,1602,4,6680,0.7299626512596962,within_layer
4,8465,4,15896,0.7271738001272786,within_layer
4,175,4,1602,0.7206059390297834,within_layer
4,16146,4,15896,0.7137917593154403,within_layer
4,5087,4,13350,0.712617819538894,within_layer
4,13350,4,8429,0.6917650098049731,within_layer
4,175,4,8465,0.6917125200878487,within_layer
4,7229,4,8429,0.6907794610694931,within_layer
4,1701,4,1602,0.6903780761341183,within_layer
4,7229,4,7023,0.6786776566357184,within_layer
4,1701,4,1637,0.677322906256078,within_layer
4,16146,4,1637,0.6771146238550022,within_layer
4,4386,4,16146,0.6757996280879234,within_layer
4,13350,4,7023,0.6751149013207707,within_layer
4,175,4,15896,0.66696894116654,within_layer
4,1701,4,4386,0.6603743494431857,within_layer
4,175,4,15131,0.6582509019496438,within_layer
4,1602,4,16146,0.6569983112180808,within_layer
4,8465,4,1637,0.6544461193815714,within_layer
4,8465,4,1701,0.6441807165862022,within_layer
4,8429,4,7023,0.6440852512496289,within_layer
4,4245,4,12690,-0.6388387594081246,within_layer
4,15790,4,8258,0.6297082081947952,within_layer
4,12999,4,16201,0.627781181693737,within_layer
4,8465,4,4386,0.6178147395161355,within_layer
4,175,4,1701,0.6128492408454469,within_layer
4,9253,4,10928,0.6116372664143789,within_layer
4,1701,4,6680,0.6085119537233474,within_layer
4,175,4,11570,0.6046128449276891,within_layer
4,11570,4,15896,0.5946492001868408,within_layer
4,8465,4,6680,0.5945428530052439,within_layer
4,16201,4,11570,0.5847534275594463,within_layer
4,1701,4,11570,0.5847177700043679,within_layer
4,175,4,7303,0.5823353441249882,within_layer
4,175,4,1637,0.5766474705911108,within_layer
4,11570,4,15131,0.5700314575105384,within_layer
4,5087,4,7023,0.5659759558479676,within_layer
4,12140,4,16201,0.5586407758410332,within_layer
4,7303,4,10876,0.5472316627303002,within_layer
4,11570,4,1637,0.545249470683246,within_layer
4,6409,4,10928,0.5440050746571089,within_layer
4,16348,4,12532,0.5405733787149759,within_layer
4,175,4,4386,0.5342996088845953,within_layer
4,1602,4,11570,0.5277619675433092,within_layer
4,11570,4,6680,0.5158244302178059,within_layer
4,10926,4,8258,0.5064845277462353,within_layer
4,12999,4,12140,0.5060236074284908,within_layer
4,8465,4,16146,0.5008602207900537,within_layer
4,1637,4,5301,-0.4897730972660568,within_layer
4,8465,4,11570,0.48331505902307564,within_layer
4,16201,4,4314,0.48257010835486036,within_layer
4,16201,4,8465,0.48256722027715,within_layer
4,5087,4,8429,0.4794636468441236,within_layer
4,175,4,6680,0.4786941323366001,within_layer
4,175,4,16201,0.47370084636346893,within_layer
4,4245,4,16146,-0.4716339504743076,within_layer
4,4223,4,7303,0.45634973219550146,within_layer
4,12999,4,175,0.4530413805545993,within_layer
4,1701,4,16146,0.4462129734882137,within_layer
4,11137,4,1602,0.44074237480984846,within_layer
4,4245,4,6680,-0.4325217331653571,within_layer
4,175,4,16146,0.42887347108373136,within_layer
4,3911,4,11137,0.42076617517178705,within_layer
4,4807,4,11137,0.42076617517178705,within_layer
4,4257,4,11137,0.420766175171787,within_layer
4,12999,4,11570,0.41705943521339967,within_layer
4,7303,4,15131,0.40943692070447607,within_layer
4,4386,4,5301,-0.40753056690947204,within_layer
4,4275,4,6680,-0.40443504721621826,within_layer
4,7303,4,15896,0.40079064418435045,within_layer
4,16201,4,1602,0.40043616619909267,within_layer
4,7303,4,1701,0.3974613521516576,within_layer
4,15896,4,5301,-0.3950555768726708,within_layer
4,4386,4,12131,0.3915036899508065,within_layer
4,12140,4,4314,0.389262518108488,within_layer
4,11137,4,16146,0.38855229378185113,within_layer
4,7023,4,14408,0.3832801272569887,within_layer
4,4275,4,4245,0.3792815714265219,within_layer
4,7303,4,1602,0.378973188356106,within_layer
4,10926,4,14408,0.3785407254771559,within_layer
4,16201,4,1701,0.37190669631119594,within_layer
4,11137,4,6680,0.3706343069864205,within_layer
4,8258,4,14408,0.36565901763791914,within_layer
4,11137,4,15131,0.35947707659577954,within_layer
4,7023,4,16201,0.35734750385261116,within_layer
4,3911,4,8465,0.35453674714317845,within_layer
4,4257,4,8465,0.35453674714317834,within_layer
4,4807,4,8465,0.35453674714317807,within_layer
4,16201,4,15131,0.35282040701279765,within_layer
4,15131,4,5301,-0.35281879571584257,within_layer
4,7303,4,8465,0.3500750759351136,within_layer
4,12999,4,8465,0.34980930406207217,within_layer
4,7303,4,6680,0.34784472886501927,within_layer
4,11570,4,4386,0.34514090794968943,within_layer
4,11137,4,4386,0.34317775050828475,within_layer
4,7303,4,16146,0.3420391844771292,within_layer
4,11137,4,1637,0.3417206326000554,within_layer
4,4054,4,1637,0.34081301468131986,within_layer
4,16201,4,15896,0.3390343686518305,within_layer
4,4054,4,15896,0.337581124063545,within_layer
4,12999,4,1602,0.3357934816968629,within_layer
4,11570,4,16146,0.33512058653097887,within_layer
4,8258,4,12690,0.3343069068777734,within_layer
4,11137,4,15896,0.33335758891311507,within_layer
4,7303,4,1637,0.3285256165249404,within_layer
4,8429,4,10876,0.32805225615942313,within_layer
4,1701,4,4054,0.3247956922051169,within_layer
4,7303,4,4386,0.32371962929828296,within_layer
4,12131,4,4054,0.32364359832880046,within_layer
4,12131,4,1637,0.32017744664376674,within_layer
4,10926,4,12131,0.3142861776791841,within_layer
4,8258,4,12131,0.31343683524994437,within_layer
4,11111,4,4245,0.3130171878357775,within_layer
4,7303,4,4132,0.3125264141226153,within_layer
4,16201,4,6680,0.3053057459053296,within_layer
4,12131,4,15896,0.30344242135542354,within_layer
4,11137,4,8465,0.3030875902272114,within_layer
4,1701,4,12131,0.3023017037981132,within_layer
4,8465,4,4054,0.3015735430443088,within_layer
4,4245,4,5301,-0.3007449632256915,within_layer
4,12131,4,6680,0.3002129982678936,within_layer
8,10231,8,8066,1.0,within_layer
8,13853,8,16116,1.0,within_layer
8,13853,8,5257,1.0,within_layer
8,2985,8,9432,1.0,within_layer
8,2985,8,5215,1.0,within_layer
8,959,8,2930,1.0,within_layer
8,16116,8,5257,1.0,within_layer
8,9432,8,5215,1.0,within_layer
8,9764,8,8388,1.0,within_layer
8,4924,8,6405,0.9999999999999998,within_layer
8,14955,8,9764,0.9999999999999998,within_layer
8,14232,8,5879,0.9999999999999997,within_layer
8,14955,8,8388,0.9999999999999994,within_layer
8,8066,8,2406,0.9999999999999982,within_layer
8,10231,8,2406,0.9999999999999971,within_layer
8,11151,8,9817,0.9696888388796867,within_layer
8,1869,8,10906,0.9640698209103264,within_layer
8,5772,8,9817,0.9390913276186779,within_layer
8,5772,8,13324,0.90338079026947,within_layer
8,3957,8,10090,0.8983430288971757,within_layer
8,3305,8,12681,0.8799895690436172,within_layer
8,891,8,1869,0.8693324177406284,within_layer
8,6575,8,1687,0.8526695819198454,within_layer
8,13324,8,9817,0.840248554911513,within_layer
8,5772,8,11151,0.8373844422623059,within_layer
8,3397,8,15075,0.8357839061702829,within_layer
8,491,8,3621,0.8223708194347389,within_layer
8,9764,8,3305,0.7926761120914295,within_layer
8,8388,8,3305,0.7926761120914294,within_layer
8,14955,8,3305,0.7926761120914279,within_layer
8,13271,8,3397,0.7880991864755178,within_layer
8,891,8,10906,0.7862071363893737,within_layer
8,279,8,3397,0.7826408702051406,within_layer
8,12834,8,8210,0.7759854287959123,within_layer
8,1735,8,10458,0.769530965129602,within_layer
8,2985,8,891,0.7636724526079232,within_layer
8,5215,8,891,0.7636724526079207,within_layer
8,9432,8,891,0.7636724526079195,within_layer
8,12834,8,10836,0.7574947663253121,within_layer
8,8210,8,10836,0.75586076720633,within_layer
8,7458,8,13025,0.7444641248525431,within_layer
8,279,8,15075,0.7389347520745188,within_layer
8,11095,8,12834,0.7384930981374209,within_layer
8,9961,8,1687,0.7322993917297216,within_layer
8,2985,8,10906,0.7270147438503307,within_layer
8,9432,8,10906,0.7270147438503295,within_layer
8,5215,8,10906,0.7270147438503288,within_layer
8,3305,8,10836,0.7264904039781191,within_layer
8,2985,8,1869,0.7177362340056316,within_layer
8,9432,8,1869,0.7177362340056286,within_layer
8,5215,8,1869,0.7177362340056281,within_layer
8,13324,8,11151,0.7162654290502481,within_layer
8,8066,8,4096,0.71561941699335,within_layer
8,2406,8,4096,0.7156194169933485,within_layer
8,10231,8,4096,0.715619416993347,within_layer
8,3305,8,302,0.7102798781911586,within_layer
8,2930,8,5189,0.7018204265397421,within_layer
8,959,8,5189,0.701820426539742,within_layer
8,491,8,9481,0.6995249157523761,within_layer
8,3255,8,8993,0.6990101602582067,within_layer
8,6934,8,10641,0.6972427623747974,within_layer
8,4096,8,12681,0.6962194220102903,within_layer
8,2457,8,5410,0.6956957689509027,within_layer
8,7024,8,815,0.6885062441526276,within_layer
8,15971,8,12834,0.6665318170736408,within_layer
8,13271,8,15075,0.6637802202546706,within_layer
8,8388,8,302,0.6541522710712879,within_layer
8,14955,8,302,0.6541522710712876,within_layer
8,9764,8,302,0.6541522710712874,within_layer
8,9961,8,6575,0.6481190895192773,within_layer
8,12681,8,10836,0.6461358432342036,within_layer
8,15075,8,2024,-0.6449848163767202,within_layer
8,12681,8,302,0.6434668178972933,within_layer
8,1735,8,13271,0.6372871522716409,within_layer
8,13935,8,8993,0.6331772135019151,within_layer
8,8993,8,3656,0.6294112137365385,within_layer
8,2024,8,9213,0.6266064512378463,within_layer
8,10090,8,3656,0.6246445756351262,within_layer
8,9353,8,1735,0.6138425412073888,within_layer
8,13271,8,279,0.6133587873111228,within_layer
8,3397,8,2024,-0.6099485730710406,within_layer
8,9353,8,13271,0.5986608276231024,within_layer
8,1586,8,1735,0.5942542862174008,within_layer
8,15971,8,8210,0.5932399756271481,within_layer
8,13324,8,7024,0.5825913559783348,within_layer
8,11095,8,10836,0.5786503428688919,within_layer
8,9481,8,3621,0.5709891131307658,within_layer
8,9961,8,3621,0.5603546432093995,within_layer
8,8993,8,10090,0.5585204085671992,within_layer
8,10458,8,12896,0.5568864821188415,within_layer
8,14955,8,12681,0.5459701680941846,within_layer
8,9764,8,12681,0.5459701680941845,within_layer
8,8388,8,12681,0.5459701680941845,within_layer
8,10458,8,13271,0.5379437143801901,within_layer
8,13271,8,2024,-0.5268437699973341,within_layer
8,9949,8,3294,0.5240306989048694,within_layer
8,10524,8,13271,0.5179732988131541,within_layer
8,3451,8,3255,0.5146726393974207,within_layer
8,1869,8,3294,0.5059782725747978,within_layer
8,11095,8,8210,0.5043011889372668,within_layer
8,7024,8,9706,0.4984165954128513,within_layer
8,3957,8,3656,0.4947611545810334,within_layer
8,10524,8,3397,0.48600288394421376,within_layer
8,10524,8,279,0.4838190527180033,within_layer
8,15971,8,10836,0.48361594481208175,within_layer
8,10906,8,3294,0.4764075474236057,within_layer
8,815,8,9706,0.4753723726755271,within_layer
8,10684,8,14783,0.4636724067637883,within_layer
8,10524,8,1735,0.4589807548051542,within_layer
8,14248,8,10090,0.45406976718950137,within_layer
8,3397,8,9213,-0.45240061827775685,within_layer
8,14955,8,10836,0.452088059517295,within_layer
8,8388,8,10836,0.4520880595172947,within_layer
8,9764,8,10836,0.452088059517294,within_layer
8,14857,8,3957,0.450186730409255,within_layer
8,1735,8,3397,0.44918226698540326,within_layer
8,9353,8,3397,0.4353589079161585,within_layer
8,302,8,3397,0.43379459298053186,within_layer
8,15075,8,9213,-0.4311578739705206,within_layer
8,13540,8,5410,0.43063789414312303,within_layer
8,11095,8,3305,0.41977212317340556,within_layer
8,3957,8,8993,0.41862857804877945,within_layer
8,3255,8,3656,0.418409955552474,within_layer
8,279,8,2024,-0.41707434363821855,within_layer
8,10524,8,15075,0.41224723847994826,within_layer
8,13324,8,9706,0.4105228990659885,within_layer
8,9710,8,2457,0.4021491501183676,within_layer
8,3621,8,1687,0.4019121613228957,within_layer
8,891,8,3294,0.40181596357576316,within_layer
8,10836,8,302,0.3998632145462673,within_layer
8,1586,8,10458,0.3979978690000838,within_layer
8,302,8,15075,0.39608751115213925,within_layer
8,10458,8,3397,0.39471625517798226,within_layer
8,14857,8,10090,0.3925533126958844,within_layer
8,8198,8,5410,0.3925072262683211,within_layer
8,5189,8,3656,0.38869380377208185,within_layer
8,302,8,279,0.3870826519496556,within_layer
8,3255,8,13540,0.38505332250178476,within_layer
8,13271,8,9213,-0.3839488398404889,within_layer
8,57,8,3957,0.3835291350270173,within_layer
8,11095,8,12681,0.38126550451309416,within_layer
8,302,8,13271,0.379716052042081,within_layer
8,5772,8,9706,0.37933418401539165,within_layer
8,2284,8,3294,0.3769321341610638,within_layer
8,2284,8,9949,0.3756731318715797,within_layer
8,1586,8,9353,0.37360863040917625,within_layer
8,10231,8,8210,0.37051146513937494,within_layer
8,2406,8,8210,0.37051146513937405,within_layer
8,8066,8,8210,0.37051146513937355,within_layer
8,1735,8,279,0.36986128809991603,within_layer
8,9353,8,10458,0.36882014125062657,within_layer
8,1687,8,9213,0.366061010501438,within_layer
8,6575,8,7024,0.3582224193363015,within_layer
8,3621,8,6575,0.3565371012150357,within_layer
8,10524,8,10458,0.3529603893095056,within_layer
8,9353,8,302,0.35288614061339907,within_layer
8,13324,8,815,0.3527450899869168,within_layer
8,7458,8,5410,0.3502055942796584,within_layer
8,5257,8,2457,0.34960613629859855,within_layer
8,16116,8,2457,0.3496061362985985,within_layer
8,13853,8,2457,0.34960613629859827,within_layer
8,6405,8,11069,0.3486624348489197,within_layer
8,4924,8,11069,0.3486624348489196,within_layer
8,2406,8,12681,0.3458275792232415,within_layer
8,10231,8,12681,0.3458275792232407,within_layer
8,8066,8,12681,0.34582757922324064,within_layer
8,14248,8,8993,0.3452600596488294,within_layer
8,12681,8,279,0.3444664069312032,within_layer
8,5772,8,7024,0.3441833487343209,within_layer
8,13935,8,3656,0.3421379167776796,within_layer
8,9949,8,12896,0.3420586097704463,within_layer
8,9817,8,9706,0.3420247239730543,within_layer
8,2446,8,2457,0.3409680108543199,within_layer
8,9353,8,15075,0.3393234567442085,within_layer
8,1687,8,2024,0.3355508043328595,within_layer
8,9353,8,279,0.33223703206441,within_layer
8,13025,8,5410,0.3267466602644457,within_layer
8,13935,8,3255,0.3260887977999031,within_layer
8,8198,8,13540,0.32283151210380306,within_layer
8,6575,8,815,0.3218148231907612,within_layer
8,14248,8,3957,0.3209270985947368,within_layer
8,9353,8,2024,-0.3198655924424246,within_layer
8,279,8,9213,-0.313462532310097,within_layer
8,1735,8,15075,0.31150701199728265,within_layer
8,8210,8,12681,0.3095441000654962,within_layer
8,9949,8,9213,0.3094086511456321,within_layer
8,3255,8,10090,0.3088895155707199,within_layer
8,7024,8,9817,0.30783390465975796,within_layer
8,6575,8,9213,0.3069482705005415,within_layer
8,279,8,5410,-0.3054248862322313,within_layer
8,9481,8,10458,0.3016834403993584,within_layer
8,12834,8,3305,0.3012279038185024,within_layer
8,6575,8,2024,0.30041071850159706,within_layer
12,12234,12,5416,1.0,within_layer
12,1455,12,525,1.0,within_layer
12,7827,12,3404,1.0,within_layer
12,3404,12,6521,1.0,within_layer
12,6521,12,10090,1.0,within_layer
12,7827,12,10090,0.9999999999999997,within_layer
12,3404,12,10090,0.999999999999999,within_layer
12,12234,12,7989,0.9999999999999986,within_layer
12,11574,12,11032,0.9999999999999982,within_layer
12,5416,12,7989,0.9999999999999979,within_layer
12,7827,12,6521,0.9999999999999966,within_layer
12,5152,12,8737,0.9999188611866046,within_layer
12,5152,12,2046,0.991861611030007,within_layer
12,8737,12,2046,0.9901592503224916,within_layer
12,1208,12,12780,0.9887335617954285,within_layer
12,5416,12,12342,0.8343826395324878,within_layer
12,12234,12,12342,0.8343826395324856,within_layer
12,7989,12,12342,0.8343826395324826,within_layer
12,8915,12,12210,0.8052460626467117,within_layer
12,3404,12,12780,0.7587798929104318,within_layer
12,10090,12,12780,0.7587798929104299,within_layer
12,6521,12,12780,0.7587798929104296,within_layer
12,7827,12,12780,0.7587798929104235,within_layer
12,3692,12,1208,0.7507471918706888,within_layer
12,5129,12,4560,0.7153226845833744,within_layer
12,12234,12,10967,0.6961492736822231,within_layer
12,5416,12,10967,0.6961492736822222,within_layer
12,7989,12,10967,0.6961492736822215,within_layer
12,9766,12,8737,0.6795067987674099,within_layer
12,11574,12,3226,0.6717414512234796,within_layer
12,11032,12,3226,0.6717414512234778,within_layer
12,9766,12,5152,0.670105771320862,within_layer
12,1005,12,12120,0.6671746463197887,within_layer
12,10090,12,1208,0.6527335024372092,within_layer
12,7827,12,1208,0.6527335024372064,within_layer
12,3404,12,1208,0.6527335024372042,within_layer
12,6521,12,1208,0.6527335024372035,within_layer
12,3692,12,12780,0.6434078265770948,within_layer
12,10967,12,12342,0.5749359965532133,within_layer
12,9766,12,2046,0.5701464580658334,within_layer
12,5853,12,4560,0.569180690430866,within_layer
12,625,12,14192,0.5691259200124172,within_layer
12,12780,12,13295,0.5438093404870119,within_layer
12,4560,12,1041,0.5333683988516237,within_layer
12,1208,12,13295,0.5258010050114401,within_layer
12,4560,12,14599,0.5096448464505478,within_layer
12,1041,12,2620,0.4946121185381277,within_layer
12,6810,12,2620,-0.4842538301530467,within_layer
12,525,12,625,0.4706888214884243,within_layer
12,1455,12,625,0.47068882148842345,within_layer
12,3404,12,13295,0.4643331539672959,within_layer
12,7827,12,13295,0.46433315396729524,within_layer
12,10090,12,13295,0.4643331539672946,within_layer
12,6521,12,13295,0.46433315396729274,within_layer
12,8915,12,10708,0.46313192795733343,within_layer
12,2009,12,14192,0.4605085048815623,within_layer
12,1455,12,14192,0.4391280007280213,within_layer
12,525,12,14192,0.4391280007280179,within_layer
12,1455,12,1737,0.434262424742488,within_layer
12,525,12,1737,0.43426242474248467,within_layer
12,10803,12,13295,0.4199659633927718,within_layer
12,5853,12,625,0.4081729637443463,within_layer
12,625,12,1737,0.40634037402414896,within_layer
12,1041,12,7507,0.3876062317226456,within_layer
12,5129,12,1041,0.3875233270979992,within_layer
12,1737,12,14192,0.36399991395042547,within_layer
12,7349,12,13349,0.3639082704436991,within_layer
12,14192,12,2291,0.3637489950456463,within_layer
12,12780,12,14906,0.3619181142307849,within_layer
12,5129,12,14599,0.36172329253273244,within_layer
12,4560,12,2620,0.357825007771434,within_layer
12,11032,12,14906,0.35388653151828203,within_layer
12,11574,12,14906,0.35388653151828114,within_layer
12,1208,12,14906,0.35320458480419675,within_layer
12,12210,12,10708,0.3531823852980348,within_layer
12,12210,12,7541,0.35070652599099816,within_layer
12,8806,12,2620,-0.3463750872199171,within_layer
12,10090,12,10708,0.345109584935826,within_layer
12,3404,12,10708,0.34510958493582483,within_layer
12,7827,12,10708,0.3451095849358245,within_layer
12,6521,12,10708,0.3451095849358243,within_layer
12,10708,12,7541,0.3449497285088674,within_layer
12,3226,12,14906,0.3384032107440281,within_layer
12,10396,12,2586,0.3382767855544994,within_layer
12,8806,12,6810,0.3350669907431619,within_layer
12,9257,12,1005,0.3285518266428656,within_layer
12,6192,12,6810,0.3261391939037695,within_layer
12,3226,12,12120,0.325343357865891,within_layer
12,8915,12,7795,0.321160465269008,within_layer
12,625,12,2586,0.31928500100647056,within_layer
12,6192,12,14599,0.3159478487093863,within_layer
12,4094,12,10708,0.3153217353451218,within_layer
12,7673,12,14599,0.31383209323177536,within_layer
12,2009,12,625,0.3104535686716332,within_layer
12,2046,12,12210,0.3100874242384831,within_layer
12,4094,12,6810,0.30943196824012914,within_layer
12,7795,12,10394,0.3091325151277941,within_layer
12,14906,12,7541,0.30809965389437066,within_layer
12,7541,12,2291,-0.3078205728224935,within_layer
12,1054,12,14192,0.30763755579850977,within_layer
12,1005,12,6810,0.3041114284856361,within_layer
12,8535,12,14906,0.3023143833547099,within_layer
12,9257,12,12120,0.3007269878973187,within_layer
16,5036,16,1607,1.0,within_layer
16,7027,16,9555,1.0,within_layer
16,9983,16,14866,1.0,within_layer
16,8149,16,9935,1.0,within_layer
16,5454,16,8566,1.0,within_layer
16,3226,16,6047,1.0,within_layer
16,3344,16,1601,0.9999999999999998,within_layer
16,10188,16,1601,0.9999999999999998,within_layer
16,15994,16,14703,0.9999999999999998,within_layer
16,3344,16,10188,0.9999999999999993,within_layer
16,1601,16,14528,0.9999999999999993,within_layer
16,14136,16,1107,0.9999999999999991,within_layer
16,10188,16,14528,0.9999999999999989,within_layer
16,3344,16,14528,0.9999999999999988,within_layer
16,4221,16,14866,0.9999999999999987,within_layer
16,5070,16,11436,0.9999999999999974,within_layer
16,4221,16,9983,0.9999999999999973,within_layer
16,15711,16,4508,0.9999999999999961,within_layer
16,10894,16,12977,0.9998401113013977,within_layer
16,14191,16,8739,0.9996877646178215,within_layer
16,1191,16,10051,0.9978223267234917,within_layer
16,14780,16,12111,0.9952783567169987,within_layer
16,14191,16,5553,0.9594856867408111,within_layer
16,8739,16,5553,0.9581865633125274,within_layer
16,10336,16,11391,0.9367882411539317,within_layer
16,14489,16,16028,0.9297267240618879,within_layer
16,13382,16,13920,0.928540832512557,within_layer
16,4539,16,13017,0.924082766290726,within_layer
16,2211,16,13920,0.9124271869899716,within_layer
16,661,16,414,0.887410592638258,within_layer
16,4508,16,13382,0.8787944606013524,within_layer
16,15711,16,13382,0.878794460601351,within_layer
16,12111,16,14489,0.8728880788264209,within_layer
16,14674,16,5086,0.8622712561966628,within_layer
16,14115,16,4451,0.8599692013656244,within_layer
16,14780,16,14489,0.8590062001169523,within_layer
16,4539,16,14674,0.8575590245693699,within_layer
16,15711,16,13920,0.8555055639084418,within_layer
16,4508,16,13920,0.8555055639084418,within_layer
16,13920,16,7227,0.8529995162167087,within_layer
16,8892,16,2852,0.8528446472156271,within_layer
16,2211,16,7227,0.842208272357572,within_layer
16,15711,16,2211,0.8386046706939478,within_layer
16,4508,16,2211,0.8386046706939435,within_layer
16,13017,16,14674,0.8381598263067118,within_layer
16,2486,16,1191,0.8249552092978346,within_layer
16,14866,16,13017,0.8248318739856961,within_layer
16,9983,16,13017,0.8248318739856949,within_layer
16,4221,16,13017,0.8248318739856934,within_layer
16,2418,16,10827,0.8157513380291745,within_layer
16,14247,16,414,0.8119387055073908,within_layer
16,9598,16,7504,0.8084182370058728,within_layer
16,15511,16,8536,0.8032282495463148,within_layer
16,12111,16,16028,0.7972925887522458,within_layer
16,10464,16,15511,0.79211802793615,within_layer
16,2486,16,10051,0.7858787616982006,within_layer
16,7375,16,2551,0.7854575170679405,within_layer
16,11743,16,13442,0.7833793442904652,within_layer
16,3226,16,8739,0.7816634586867828,within_layer
16,6047,16,8739,0.7816634586867801,within_layer
16,14780,16,16028,0.7742287151679422,within_layer
16,10329,16,10001,0.770518356152177,within_layer
16,6047,16,14191,0.7658347044817886,within_layer
16,3226,16,14191,0.7658347044817873,within_layer
16,13546,16,10329,0.7582842149811893,within_layer
16,3659,16,9598,0.7581024585346284,within_layer
16,8424,16,6412,0.7562705866487978,within_layer
16,5580,16,12111,0.7482039532858686,within_layer
16,2211,16,13382,0.7342248189852034,within_layer
16,5580,16,16028,0.7284586935439648,within_layer
16,9555,16,14780,0.7258322035779484,within_layer
16,7027,16,14780,0.7258322035779426,within_layer
16,8536,16,13010,0.724814923949977,within_layer
16,14247,16,661,0.7220247687565974,within_layer
16,5580,16,14489,0.7198159007037069,within_layer
16,3226,16,5553,0.7090849200829608,within_layer
16,6047,16,5553,0.7090849200829608,within_layer
16,7027,16,15145,0.7050611169529968,within_layer
16,9555,16,15145,0.7050611169529956,within_layer
16,4539,16,5086,0.7042570131799976,within_layer
16,13017,16,5086,0.701799882512871,within_layer
16,14247,16,15145,0.7017636830072035,within_layer
16,10464,16,13010,0.6937744924387976,within_layer
16,10188,16,1945,0.6885529517458373,within_layer
16,14528,16,1945,0.6885529517458371,within_layer
16,1601,16,1945,0.6885529517458367,within_layer
16,3344,16,1945,0.6885529517458364,within_layer
16,5454,16,3520,0.6850010404945255,within_layer
16,8566,16,3520,0.6850010404945249,within_layer
16,16351,16,2852,0.6842278588209639,within_layer
16,9486,16,2960,0.6837730334242187,within_layer
16,11651,16,10464,0.6831427338309004,within_layer
16,5580,16,14780,0.6802737267166982,within_layer
16,13442,16,5086,0.6740079282178759,within_layer
16,14654,16,7748,0.6681641408271994,within_layer
16,2621,16,3520,0.6664579470742138,within_layer
16,13382,16,7227,0.6664559535500052,within_layer
16,9555,16,12111,0.6556390091274867,within_layer
16,7027,16,12111,0.655639009127485,within_layer
16,10001,16,2852,0.6548330318756869,within_layer
16,10827,16,8811,0.6512651165333685,within_layer
16,1945,16,9486,0.6415758353668314,within_layer
16,14136,16,4719,0.640560473793667,within_layer
16,1107,16,4719,0.640560473793667,within_layer
16,7504,16,739,0.6403224531071239,within_layer
16,8048,16,5553,0.6401984242911333,within_layer
16,14751,16,7227,0.6372440936039214,within_layer
16,2078,16,16351,0.6358353590292994,within_layer
16,8048,16,14191,0.6350251508741376,within_layer
16,14759,16,8861,0.631383008171262,within_layer
16,3896,16,3924,0.63097405781715,within_layer
16,1332,16,9132,0.6226903615700057,within_layer
16,11436,16,2078,0.6180811326638649,within_layer
16,5070,16,2078,0.6180811326638627,within_layer
16,10001,16,8892,0.6159085848256761,within_layer
16,8048,16,8739,0.6155242722685461,within_layer
16,1741,16,10051,0.6101608171048919,within_layer
16,8861,16,6412,0.6071939847144173,within_layer
16,7326,16,16351,0.5992813877868642,within_layer
16,1332,16,9855,0.5985057838667874,within_layer
16,11651,16,15511,0.5981486117714552,within_layer
16,6986,16,11391,0.5945420900508744,within_layer
16,14840,16,7227,0.5921874763962599,within_layer
16,10464,16,8536,0.5901284030606468,within_layer
16,1607,16,14759,0.5874455668087435,within_layer
16,5036,16,14759,0.5874455668087432,within_layer
16,12715,16,11749,0.5871462593111181,within_layer
16,15711,16,7227,0.5863660764931403,within_layer
16,4508,16,7227,0.5863660764931398,within_layer
16,3896,16,463,0.5851812487799,within_layer
16,16351,16,8892,0.5733435890602412,within_layer
16,9983,16,14674,0.5685145159208199,within_layer
16,4221,16,14674,0.568514515920819,within_layer
16,14866,16,14674,0.5685145159208187,within_layer
16,2852,16,1002,0.5672848891072914,within_layer
16,15145,16,414,0.5654115803162237,within_layer
16,9132,16,9855,0.5649093896706234,within_layer
16,9486,16,10336,0.5567591897471569,within_layer
16,1741,16,1191,0.5565741609860979,within_layer
16,14674,16,13442,0.5552195692026926,within_layer
16,3659,16,7504,0.5521617715546554,within_layer
16,1607,16,4861,0.5519056028505858,within_layer
16,5036,16,4861,0.5519056028505834,within_layer
16,9935,16,7748,0.5517701779631425,within_layer
16,8149,16,7748,0.5517701779631417,within_layer
16,14866,16,4539,0.5461297046890461,within_layer
16,4221,16,4539,0.5461297046890458,within_layer
16,9983,16,4539,0.5461297046890446,within_layer
16,7504,16,8424,0.5438620503743297,within_layer
16,4719,16,2960,0.542433733956394,within_layer
16,3847,16,1033,-0.5421616389941675,within_layer
16,3896,16,11749,0.5402422005590959,within_layer
16,14751,16,2211,0.5359754742621833,within_layer
16,9486,16,11391,0.5344542922967708,within_layer
16,5454,16,2621,0.53369666119155,within_layer
16,8566,16,2621,0.53369666119155,within_layer
16,15511,16,13010,0.5310072493812591,within_layer
16,2418,16,8811,0.5292570337739855,within_layer
16,10827,16,7326,0.5249234135380907,within_layer
16,13546,16,10001,0.5231357988032116,within_layer
16,2078,16,8892,0.518535061816609,within_layer
16,12715,16,3896,0.5176238816690035,within_layer
16,2211,16,14840,0.5146086565615383,within_layer
16,14654,16,6986,0.5134048616707704,within_layer
16,9598,16,739,0.5112270750529531,within_layer
16,10329,16,2852,0.507122049122054,within_layer
16,15145,16,14780,0.5066213072338929,within_layer
16,3520,16,10336,0.5022727635192857,within_layer
16,15145,16,661,0.49932833201289506,within_layer
16,739,16,2889,0.4982314906712516,within_layer
16,16028,16,11749,0.49766922372744543,within_layer
16,12715,16,3924,0.496580091651053,within_layer
16,14866,16,5086,0.49641676584359157,within_layer
16,9983,16,5086,0.49641676584359107,within_layer
16,4221,16,5086,0.4964167658435897,within_layer
16,7027,16,14489,0.49637013192907586,within_layer
16,9555,16,14489,0.4963701319290748,within_layer
16,2960,16,10336,0.49523728608825834,within_layer
16,739,16,8424,0.49357041779433813,within_layer
16,2621,16,9132,0.4922811542936853,within_layer
16,6585,16,8811,0.49203290947228556,within_layer
16,14780,16,739,0.49185747772434985,within_layer
16,12111,16,739,0.4877060729079374,within_layer
16,9855,16,11391,0.4867555834822106,within_layer
16,661,16,5086,0.481612066343759,within_layer
16,11749,16,3924,0.48062409852721616,within_layer
16,1441,16,5101,0.4797684745923745,within_layer
16,14759,16,6412,0.4761454009385544,within_layer
16,2960,16,11391,0.46834849665487255,within_layer
16,3659,16,739,0.4676237289312713,within_layer
16,10480,16,1033,-0.4662270778314524,within_layer
16,3659,16,4861,0.45803531940302344,within_layer
16,15145,16,12111,0.4566291671743292,within_layer
16,5070,16,16351,0.45605325746227887,within_layer
16,11436,16,16351,0.4560532574622777,within_layer
16,2621,16,10336,0.45587040145135105,within_layer
16,9598,16,8424,0.4540019554800273,within_layer
16,12111,16,14195,0.452622749106946,within_layer
16,14780,16,14195,0.4468045177585707,within_layer
16,7227,16,11749,0.44678599402698554,within_layer
16,5086,16,2889,0.44641008916256797,within_layer
16,11436,16,7326,0.44421970968170105,within_layer
16,5070,16,7326,0.4442197096816971,within_layer
16,7326,16,1002,0.4412740643338653,within_layer
16,16028,16,739,0.4378878290184707,within_layer
16,13920,16,14840,0.43500556916159394,within_layer
16,13546,16,14840,0.4341981906065794,within_layer
16,8739,16,2960,0.43319556694287725,within_layer
16,14191,16,2960,0.4321641395625675,within_layer
16,4861,16,739,0.4317158761007995,within_layer
16,8892,16,1002,0.4305250171531964,within_layer
16,2211,16,4415,0.4272935383226401,within_layer
16,739,16,6412,0.4265064658998123,within_layer
16,6986,16,10336,0.42357044423522816,within_layer
16,4861,16,8424,0.42086161279519285,within_layer
16,16351,16,1002,0.42074257643604746,within_layer
16,1945,16,6986,0.42051150168595425,within_layer
16,739,16,3847,0.41800011349064015,within_layer
16,5101,16,8536,0.41664571658943333,within_layer
16,14489,16,11749,0.4154870580939805,within_layer
16,1441,16,10827,0.4151693594101163,within_layer
16,13442,16,2889,0.41488105529955477,within_layer
16,10329,16,8892,0.41411037090530767,within_layer
16,14751,16,14840,0.41306025761698395,within_layer
16,14759,16,7955,0.4129496309052846,within_layer
16,14674,16,2889,0.41220100927559356,within_layer
16,414,16,5086,0.40630812785981363,within_layer
16,14489,16,739,0.40575436535601744,within_layer
16,5553,16,2960,0.4057529019690524,within_layer
16,11743,16,5086,0.4050955607967791,within_layer
16,3135,16,8892,0.4019801200102529,within_layer
16,1002,16,3924,-0.40193389160429477,within_layer
16,7326,16,2852,0.4014744521818173,within_layer
16,9132,16,10336,0.40055159490791625,within_layer
16,11651,16,8536,0.3976062865224599,within_layer
16,2078,16,2852,0.397442856818505,within_layer
16,13920,16,11749,0.3956349508778683,within_layer
16,5086,16,1033,0.39482983242538,within_layer
16,5086,16,10480,-0.39321359065188516,within_layer
16,7955,16,1002,0.3929217940243833,within_layer
16,5101,16,13010,0.39077148413704965,within_layer
16,14780,16,11749,0.38906116401364377,within_layer
16,14489,16,14195,0.3858450380935744,within_layer
16,10188,16,9486,0.38548991992126047,within_layer
16,14528,16,9486,0.38548991992126036,within_layer
16,3344,16,9486,0.38548991992126014,within_layer
16,1601,16,9486,0.38548991992126014,within_layer
16,449,16,3896,0.38416740965758567,within_layer
16,12111,16,11749,0.3822344281528638,within_layer
16,16028,16,3847,0.3816046494770706,within_layer
16,14759,16,739,0.3789750640269202,within_layer
16,7748,16,10336,0.37827973926396974,within_layer
16,14489,16,3847,0.37674661007290244,within_layer
16,1945,16,2960,0.3756889236537001,within_layer
16,7955,16,2852,0.3728037497573269,within_layer
16,9555,16,16028,0.37260042118261555,within_layer
16,7027,16,16028,0.3726004211826141,within_layer
16,7504,16,6412,0.3703950996377476,within_layer
16,2960,16,14195,0.3701664088373404,within_layer
16,9555,16,739,0.36996822996460477,within_layer
16,7027,16,739,0.3699682299646042,within_layer
16,7955,16,6412,0.36853859273035855,within_layer
16,2418,16,7326,0.3683094999162135,within_layer
16,8149,16,3520,0.3678877248043813,within_layer
16,9935,16,3520,0.3678877248043812,within_layer
16,5101,16,10827,0.3676945399399505,within_layer
16,13920,16,4415,0.3672875664357639,within_layer
16,666,16,7326,0.36723857070128985,within_layer
16,4539,16,13442,0.36595624106104174,within_layer
16,5580,16,14195,0.3638164542973551,within_layer
16,2551,16,7955,0.3623974159743306,within_layer
16,6585,16,3896,0.36150049194738604,within_layer
16,3226,16,2960,0.36098198817154764,within_layer
16,6047,16,2960,0.360981988171547,within_layer
16,11651,16,13010,0.360354259132128,within_layer
16,9555,16,2889,0.36008801161206716,within_layer
16,7027,16,2889,0.3600880116120664,within_layer
16,13382,16,11749,0.3595055992996062,within_layer
16,14674,16,10480,-0.3591492247011763,within_layer
16,2968,16,12715,0.35737266263640105,within_layer
16,9598,16,9450,0.3563840745329309,within_layer
16,4451,16,9450,0.3557553432391505,within_layer
16,10827,16,313,0.3534704158417899,within_layer
16,11391,16,1002,-0.35181187061371955,within_layer
16,782,16,12715,0.35123860824390835,within_layer
16,10336,16,1002,-0.35077064854630047,within_layer
16,449,16,11749,0.34970807365729706,within_layer
16,10001,16,1002,0.34951026128699497,within_layer
16,1945,16,11391,0.3493027009048455,within_layer
16,14751,16,13920,0.34903074753964813,within_layer
16,9132,16,11391,0.3485523272288941,within_layer
16,3659,16,8424,0.34830682698127846,within_layer
16,9855,16,10336,0.34682583570150577,within_layer
16,15711,16,4415,0.34665593889428536,within_layer
16,4508,16,4415,0.3466559388942849,within_layer
16,7748,16,11391,0.3465273517941657,within_layer
16,313,16,1002,0.34503757039969346,within_layer
16,12977,16,8424,0.3442999908977078,within_layer
16,10894,16,8424,0.3436518905998474,within_layer
16,7955,16,3924,-0.3433105664267713,within_layer
16,4508,16,14840,0.3429976061784726,within_layer
16,15711,16,14840,0.3429976061784723,within_layer
16,16028,16,14195,0.3424981260533355,within_layer
16,7748,16,14195,0.34192123632767496,within_layer
16,15145,16,14489,0.34095747559688083,within_layer
16,1441,16,7955,0.33863616086260345,within_layer
16,9598,16,4861,0.33658165977625215,within_layer
16,14780,16,3847,0.3356013972695632,within_layer
16,11743,16,14674,0.33493555446818757,within_layer
16,12111,16,3847,0.3347928145345547,within_layer
16,4719,16,11391,0.33429833847087126,within_layer
16,449,16,3924,0.3335189406191396,within_layer
16,449,16,12715,0.3329250541482067,within_layer
16,11749,16,1033,-0.332791375477892,within_layer
16,11749,16,463,0.3321996396731715,within_layer
16,4861,16,6412,0.3321504620928685,within_layer
16,10001,16,14840,0.33143704434630883,within_layer
16,11749,16,1002,-0.331114720766696,within_layer
16,666,16,16351,0.3309303368447728,within_layer
16,5101,16,313,0.3304779927012587,within_layer
16,7227,16,4415,0.3290599600613063,within_layer
16,6412,16,3924,-0.3283923160226154,within_layer
16,9935,16,14195,0.32829098888189057,within_layer
16,8149,16,14195,0.3282909888818905,within_layer
16,14780,16,2889,0.3277676400490703,within_layer
16,15145,16,2889,0.3249589911405892,within_layer
16,2211,16,11749,0.32452014513260724,within_layer
16,4539,16,2889,0.3240108095676373,within_layer
16,7504,16,2889,0.32359353879100866,within_layer
16,8811,16,7326,0.32262619800346576,within_layer
16,7748,16,6986,0.32181249891959535,within_layer
16,13442,16,1033,0.3216380548476549,within_layer
16,5580,16,739,0.32078588055500856,within_layer
16,14759,16,7504,0.32019937449582925,within_layer
16,9450,16,7504,0.3194104007981794,within_layer
16,9555,16,11749,0.31775505766447654,within_layer
16,7027,16,11749,0.31775505766447587,within_layer
16,11749,16,3847,0.31761506124472927,within_layer
16,2889,16,10480,-0.3162764525335177,within_layer
16,14597,16,4415,0.31569131726208727,within_layer
16,463,16,3924,0.3155960836726713,within_layer
16,13613,16,16351,0.31551821951293285,within_layer
16,8861,16,7504,0.3149447994970376,within_layer
16,2551,16,2078,0.314369655543861,within_layer
16,10329,16,7955,0.3131566692842986,within_layer
16,661,16,1033,0.312538094074426,within_layer
16,14759,16,4861,0.3117823003370839,within_layer
16,11436,16,8892,0.3117553884547942,within_layer
16,5070,16,8892,0.31175538845479395,within_layer
16,9855,16,6986,0.3108930473900536,within_layer
16,12111,16,2889,0.30897936928515823,within_layer
16,1945,16,10336,0.30775067894028635,within_layer
16,10329,16,14840,0.30733600892462143,within_layer
16,8424,16,3924,-0.30611920147708077,within_layer
16,13546,16,2852,0.3057759468530716,within_layer
16,9486,16,14195,0.3053016561382477,within_layer
16,13017,16,2889,0.30243620742596655,within_layer
16,3135,16,2852,0.30230617307602303,within_layer
16,1441,16,313,0.3016275412983231,within_layer
4,4257,8,14955,1.0,cross_layer
4,4257,8,9764,1.0,cross_layer
4,4257,8,8388,1.0,cross_layer
4,6409,8,57,1.0,cross_layer
4,3911,8,14955,1.0,cross_layer
4,3911,8,9764,1.0,cross_layer
4,3911,8,8388,1.0,cross_layer
4,5087,8,491,1.0,cross_layer
4,9253,8,13853,1.0,cross_layer
4,9253,8,16116,1.0,cross_layer
4,9253,8,5257,1.0,cross_layer
4,4807,8,14955,1.0,cross_layer
4,4807,8,9764,1.0,cross_layer
4,4807,8,8388,1.0,cross_layer
4,15790,8,6575,0.9999495148658752,cross_layer
4,13350,8,9481,0.999829113483429,cross_layer
4,7229,8,9481,0.9987061023712158,cross_layer
4,10926,8,13324,0.9867487549781799,cross_layer
4,10876,8,1869,0.981103777885437,cross_layer
4,10876,8,10906,0.9737980365753174,cross_layer
4,4223,8,1869,0.9715679883956909,cross_layer
4,4245,8,5410,0.9629486203193665,cross_layer
4,15131,8,3397,0.959514856338501,cross_layer
4,15896,8,3397,0.9479377269744873,cross_layer
4,4223,8,10906,0.9281248450279236,cross_layer
4,1637,8,15075,0.9196938276290894,cross_layer
4,1637,8,3397,0.9092581868171692,cross_layer
4,10926,8,5772,0.8853794932365417,cross_layer
4,15896,8,15075,0.8814893364906311,cross_layer
4,4386,8,3397,0.8729206919670105,cross_layer
4,15131,8,13271,0.8703455328941345,cross_layer
4,16201,8,1735,0.8646314740180969,cross_layer
4,15896,8,13271,0.8599644303321838,cross_layer
4,4386,8,15075,0.8578159809112549,cross_layer
4,15790,8,1687,0.8502504229545593,cross_layer
4,6680,8,3397,0.841526448726654,cross_layer
4,1602,8,13271,0.8408504724502563,cross_layer
4,10926,8,9817,0.8268662095069885,cross_layer
4,5087,8,3621,0.8223704099655151,cross_layer
4,1602,8,3397,0.8074564337730408,cross_layer
4,15131,8,15075,0.8070393800735474,cross_layer
4,6680,8,15075,0.8061649799346924,cross_layer
4,1701,8,13271,0.8050891757011414,cross_layer
4,175,8,13271,0.8027265071868896,cross_layer
4,10876,8,891,0.7954049706459045,cross_layer
4,4807,8,3305,0.7926762700080872,cross_layer
4,4257,8,3305,0.7926762104034424,cross_layer
4,3911,8,3305,0.7926762104034424,cross_layer
4,8465,8,13271,0.7871819138526917,cross_layer
4,4223,8,891,0.7864111661911011,cross_layer
4,16146,8,3397,0.7731546759605408,cross_layer
4,1602,8,279,0.7711681127548218,cross_layer
4,10876,8,5215,0.769657552242279,cross_layer
4,10876,8,2985,0.7696574926376343,cross_layer
4,10876,8,9432,0.7696574926376343,cross_layer
4,1637,8,13271,0.7667952179908752,cross_layer
4,14408,8,815,0.7566831111907959,cross_layer
4,4386,8,279,0.7503917813301086,cross_layer
4,4132,8,1869,0.7498853802680969,cross_layer
4,15896,8,279,0.7495209574699402,cross_layer
4,12999,8,1586,0.7476589679718018,cross_layer
4,5301,8,2024,0.7473294734954834,cross_layer
4,6812,8,10641,0.7448334097862244,cross_layer
4,8258,8,1687,0.7431313991546631,cross_layer
4,15131,8,279,0.7399459481239319,cross_layer
4,1637,8,279,0.7389736771583557,cross_layer
4,16201,8,10458,0.7384227514266968,cross_layer
4,6680,8,279,0.7368847727775574,cross_layer
4,7229,8,491,0.7349556684494019,cross_layer
4,11570,8,10458,0.7264288067817688,cross_layer
4,12999,8,1735,0.7257506251335144,cross_layer
4,10926,8,11151,0.7223954200744629,cross_layer
4,4386,8,13271,0.7142029404640198,cross_layer
4,4132,8,10906,0.713828444480896,cross_layer
4,13350,8,491,0.7126177549362183,cross_layer
4,808,8,2446,0.7060520648956299,cross_layer
4,1637,8,2024,-0.703672468662262,cross_layer
4,5087,8,9481,0.6995247602462769,cross_layer
4,175,8,1735,0.6975770592689514,cross_layer
4,8429,8,9481,0.6920022368431091,cross_layer
4,12532,8,14248,0.691676139831543,cross_layer
4,4245,8,2457,0.686187207698822,cross_layer
4,12140,8,1586,0.6814306378364563,cross_layer
4,8465,8,302,0.6814020872116089,cross_layer
4,6680,8,13271,0.6799293160438538,cross_layer
4,1602,8,15075,0.6767598986625671,cross_layer
4,7023,8,9481,0.672762393951416,cross_layer
4,16146,8,279,0.6701017022132874,cross_layer
4,4275,8,13540,0.6694954037666321,cross_layer
4,15896,8,2024,-0.6691886186599731,cross_layer
4,11570,8,1735,0.6657727956771851,cross_layer
4,12690,8,5410,-0.6632013320922852,cross_layer
4,8465,8,3397,0.6612108945846558,cross_layer
4,8258,8,7024,0.6605565547943115,cross_layer
4,12532,8,8993,0.6589124798774719,cross_layer
4,1701,8,3397,0.655078113079071,cross_layer
4,4807,8,302,0.6541523933410645,cross_layer
4,4257,8,302,0.6541523337364197,cross_layer
4,3911,8,302,0.6541523337364197,cross_layer
4,11570,8,13271,0.6484161019325256,cross_layer
4,4132,8,891,0.6459086537361145,cross_layer
4,15790,8,9961,0.6404164433479309,cross_layer
4,5810,8,2284,0.6373592019081116,cross_layer
4,16146,8,15075,0.6319054365158081,cross_layer
4,8258,8,6575,0.6309126019477844,cross_layer
4,12690,8,9213,0.6210140585899353,cross_layer
4,8465,8,9353,0.6159009337425232,cross_layer
4,6812,8,6934,0.6138436198234558,cross_layer
4,10928,8,13853,0.6116373538970947,cross_layer
4,10928,8,16116,0.6116373538970947,cross_layer
4,10928,8,5257,0.6116373538970947,cross_layer
4,15131,8,2024,-0.6101715564727783,cross_layer
4,14408,8,7024,0.6047812700271606,cross_layer
4,4386,8,2024,-0.6021847724914551,cross_layer
4,7229,8,3621,0.6003445386886597,cross_layer
4,8465,8,279,0.5989290475845337,cross_layer
4,175,8,10524,0.597734808921814,cross_layer
4,1701,8,15075,0.5958462953567505,cross_layer
4,16146,8,13271,0.593113124370575,cross_layer
4,1701,8,9353,0.5869033336639404,cross_layer
4,8465,8,1735,0.5859505534172058,cross_layer
4,10926,8,7024,0.5824058651924133,cross_layer
4,13350,8,3621,0.581834614276886,cross_layer
4,12532,8,13935,0.5749037861824036,cross_layer
4,175,8,3397,0.5743611454963684,cross_layer
4,8465,8,15075,0.5706996321678162,cross_layer
4,12690,8,2457,-0.5673313140869141,cross_layer
4,7023,8,491,0.5659760236740112,cross_layer
4,1602,8,1735,0.5631329417228699,cross_layer
4,16201,8,1586,0.5617812275886536,cross_layer
4,11137,8,8210,0.5552635788917542,cross_layer
4,11137,8,10836,0.5465034246444702,cross_layer
4,4257,8,12681,0.5459703207015991,cross_layer
4,3911,8,12681,0.5459703207015991,cross_layer
4,4807,8,12681,0.5459703207015991,cross_layer
4,6680,8,2024,-0.5456992983818054,cross_layer
4,10928,8,57,0.5440054535865784,cross_layer
4,5301,8,9213,0.5435839295387268,cross_layer
4,175,8,10458,0.5359177589416504,cross_layer
4,11137,8,12681,0.5344647765159607,cross_layer
4,4223,8,2985,0.5333349108695984,cross_layer
4,4223,8,9432,0.5333348512649536,cross_layer
4,4223,8,5215,0.5333348512649536,cross_layer
4,16348,8,13935,0.5326943397521973,cross_layer
4,4223,8,3294,0.528861939907074,cross_layer
4,7023,8,815,0.5248997211456299,cross_layer
4,12140,8,1735,0.5221190452575684,cross_layer
4,7023,8,10458,0.5218730568885803,cross_layer
4,7303,8,10906,0.5193517208099365,cross_layer
4,11111,8,13025,0.5189559459686279,cross_layer
4,1602,8,9353,0.5141655802726746,cross_layer
4,1637,8,9213,-0.5141488909721375,cross_layer
4,1602,8,302,0.5135313272476196,cross_layer
4,4314,8,11069,0.5089185237884521,cross_layer
4,4132,8,3294,0.508826494216919,cross_layer
4,4132,8,2985,0.5086126327514648,cross_layer
4,4132,8,5215,0.5086126327514648,cross_layer
4,4132,8,9432,0.5086125731468201,cross_layer
4,15896,8,10524,0.5068467855453491,cross_layer
4,1701,8,279,0.5047258734703064,cross_layer
4,15896,8,1735,0.5024607181549072,cross_layer
4,11570,8,3397,0.5013986229896545,cross_layer
4,16146,8,2024,-0.4995437562465668,cross_layer
4,15896,8,9213,-0.4975351095199585,cross_layer
4,8258,8,9961,0.49753397703170776,cross_layer
4,7303,8,1869,0.4953645169734955,cross_layer
4,15896,8,9353,0.4949667155742645,cross_layer
4,1701,8,1735,0.49363258481025696,cross_layer
4,15131,8,9353,0.49104437232017517,cross_layer
4,15131,8,1735,0.4909977316856384,cross_layer
4,7303,8,13271,0.48975247144699097,cross_layer
4,1602,8,10524,0.48777928948402405,cross_layer
4,11137,8,3305,0.4861730635166168,cross_layer
4,10876,8,3294,0.4841459095478058,cross_layer
4,5810,8,3294,0.4827609658241272,cross_layer
4,1701,8,2024,-0.48273974657058716,cross_layer
4,175,8,279,0.4820704460144043,cross_layer
4,8429,8,491,0.4794635772705078,cross_layer
4,8258,8,13324,0.47894471883773804,cross_layer
4,15131,8,9213,-0.47851836681365967,cross_layer
4,12532,8,3255,0.47787708044052124,cross_layer
4,8465,8,10524,0.4768129587173462,cross_layer
4,175,8,9353,0.4755403399467468,cross_layer
4,15131,8,10524,0.4753822982311249,cross_layer
4,8258,8,9213,0.4722932279109955,cross_layer
4,16201,8,13271,0.4714032709598541,cross_layer
4,12690,8,10090,0.4712144136428833,cross_layer
4,4245,8,13540,0.4684513807296753,cross_layer
4,1637,8,10524,0.46595558524131775,cross_layer
4,11570,8,9353,0.4659225046634674,cross_layer
4,16348,8,7024,0.4645276963710785,cross_layer
4,11137,8,10231,0.46255171298980713,cross_layer
4,11137,8,2406,0.46255171298980713,cross_layer
4,11137,8,8066,0.46255168318748474,cross_layer
4,175,8,15075,0.4618328809738159,cross_layer
4,1701,8,10458,0.4601365923881531,cross_layer
4,15131,8,302,0.45986178517341614,cross_layer
4,5301,8,15075,-0.4595467448234558,cross_layer
4,4386,8,9213,-0.4592675566673279,cross_layer
4,1602,8,10458,0.45645996928215027,cross_layer
4,8258,8,815,0.45537182688713074,cross_layer
4,7023,8,3621,0.45425358414649963,cross_layer
4,15896,8,302,0.4541488587856293,cross_layer
4,4257,8,10836,0.4520881474018097,cross_layer
4,3911,8,10836,0.4520881474018097,cross_layer
4,4807,8,10836,0.4520881474018097,cross_layer
4,11570,8,12896,0.4509105384349823,cross_layer
4,7303,8,2985,0.44979941844940186,cross_layer
4,7303,8,9432,0.44979938864707947,cross_layer
4,7303,8,5215,0.44979938864707947,cross_layer
4,8429,8,2985,0.4450496435165405,cross_layer
4,8429,8,5215,0.44504961371421814,cross_layer
4,8429,8,9432,0.44504958391189575,cross_layer
4,15131,8,10458,0.44374606013298035,cross_layer
4,15896,8,10458,0.44186967611312866,cross_layer
4,4245,8,8198,0.4388156831264496,cross_layer
4,16146,8,5410,-0.4360576570034027,cross_layer
4,1637,8,302,0.4340907037258148,cross_layer
4,6680,8,302,0.4340323805809021,cross_layer
4,14408,8,9706,0.4335089325904846,cross_layer
4,4386,8,10524,0.43326234817504883,cross_layer
4,12999,8,10458,0.432073712348938,cross_layer
4,1602,8,2024,-0.4287981390953064,cross_layer
4,11111,8,7458,0.4280286431312561,cross_layer
4,16348,8,8993,0.4265894293785095,cross_layer
4,1637,8,9353,0.4259883165359497,cross_layer
4,808,8,8198,0.42589667439460754,cross_layer
4,1637,8,1735,0.4257965385913849,cross_layer
4,8465,8,10458,0.4252185821533203,cross_layer
4,12131,8,15075,0.42302319407463074,cross_layer
4,4386,8,302,0.4227038323879242,cross_layer
4,11137,8,279,0.4209120273590088,cross_layer
4,11137,8,14955,0.42076626420021057,cross_layer
4,11137,8,8388,0.42076626420021057,cross_layer
4,11137,8,9764,0.4207662045955658,cross_layer
4,1602,8,9213,-0.4165131747722626,cross_layer
4,8429,8,10906,0.41593992710113525,cross_layer
4,6680,8,1735,0.41553980112075806,cross_layer
4,10926,8,9706,0.4134691059589386,cross_layer
4,12131,8,7024,0.40988215804100037,cross_layer
4,6680,8,5410,-0.4096932113170624,cross_layer
4,1701,8,302,0.4086301624774933,cross_layer
4,8465,8,2024,-0.40506240725517273,cross_layer
4,12690,8,3957,0.40350475907325745,cross_layer
4,8429,8,1586,0.4031643867492676,cross_layer
4,12690,8,3656,0.402580201625824,cross_layer
4,6680,8,9353,0.3999722898006439,cross_layer
4,8429,8,10458,0.3905726373195648,cross_layer
4,14408,8,13324,0.388126403093338,cross_layer
4,4314,8,1735,0.3879885673522949,cross_layer
4,11137,8,3397,0.3876262903213501,cross_layer
4,4386,8,9353,0.38557326793670654,cross_layer
4,6680,8,10458,0.3853764533996582,cross_layer
4,8429,8,3621,0.3851259648799896,cross_layer
4,6409,8,3957,0.38352927565574646,cross_layer
4,16146,8,10524,0.3827253580093384,cross_layer
4,12532,8,3656,0.3822273015975952,cross_layer
4,1637,8,10458,0.38057050108909607,cross_layer
4,16201,8,9353,0.3801199197769165,cross_layer
4,8465,8,3305,0.3752498924732208,cross_layer
4,12140,8,10458,0.3707282841205597,cross_layer
4,16146,8,9213,-0.3689200282096863,cross_layer
4,11137,8,11095,0.3677479922771454,cross_layer
4,10926,8,815,0.3634674549102783,cross_layer
4,4386,8,1735,0.3631334602832794,cross_layer
4,11137,8,302,0.3623279929161072,cross_layer
4,12999,8,13271,0.3622671961784363,cross_layer
4,175,8,302,0.36192163825035095,cross_layer
4,15790,8,7024,0.36155420541763306,cross_layer
4,11570,8,15075,0.3611973524093628,cross_layer
4,6680,8,9213,-0.359291672706604,cross_layer
4,12690,8,3255,0.35873672366142273,cross_layer
4,8258,8,5772,0.3585534989833832,cross_layer
4,8258,8,2024,0.35777246952056885,cross_layer
4,8465,8,9213,-0.3570594787597656,cross_layer
4,12131,8,3255,0.35692518949508667,cross_layer
4,4054,8,13271,0.3561648428440094,cross_layer
4,11111,8,5410,0.3559611141681671,cross_layer
4,7303,8,10524,0.3551785349845886,cross_layer
4,6680,8,10524,0.35488492250442505,cross_layer
4,8465,8,8388,0.35453668236732483,cross_layer
4,8465,8,14955,0.35453665256500244,cross_layer
4,8465,8,9764,0.35453665256500244,cross_layer
4,4275,8,7976,0.35352465510368347,cross_layer
4,15790,8,3621,0.35216429829597473,cross_layer
4,9253,8,2457,0.3496062159538269,cross_layer
4,16146,8,13540,-0.3464769124984741,cross_layer
4,5301,8,3397,-0.3459877669811249,cross_layer
4,11570,8,2024,-0.3430439233779907,cross_layer
4,12131,8,13935,0.3421759009361267,cross_layer
4,12999,8,9353,0.34005850553512573,cross_layer
4,7303,8,3397,0.3395438492298126,cross_layer
4,8258,8,9706,0.3383932411670685,cross_layer
4,4054,8,15075,0.33826833963394165,cross_layer
4,8429,8,815,0.3364023268222809,cross_layer
4,6680,8,2457,-0.33445748686790466,cross_layer
4,4275,8,5410,0.33374467492103577,cross_layer
4,8465,8,12681,0.33204081654548645,cross_layer
4,11570,8,1586,0.331601083278656,cross_layer
4,4245,8,279,-0.32936280965805054,cross_layer
4,8429,8,891,0.32923421263694763,cross_layer
4,16146,8,302,0.32851701974868774,cross_layer
4,7303,8,891,0.32825586199760437,cross_layer
4,8258,8,9817,0.327526330947876,cross_layer
4,11570,8,10684,0.3258127272129059,cross_layer
4,15790,8,815,0.3249746561050415,cross_layer
4,6812,8,9353,0.32268092036247253,cross_layer
4,11137,8,1586,0.3196297287940979,cross_layer
4,4314,8,2985,0.3187001347541809,cross_layer
4,4314,8,5215,0.3187001347541809,cross_layer
4,4314,8,9432,0.3187001049518585,cross_layer
4,11137,8,4096,0.3178654611110687,cross_layer
4,7303,8,9213,-0.31284099817276,cross_layer
4,12131,8,279,0.31197217106819153,cross_layer
4,4314,8,10458,0.3109756112098694,cross_layer
4,11137,8,15075,0.3097439110279083,cross_layer
4,1701,8,9213,-0.30960509181022644,cross_layer
4,12690,8,8993,0.30731016397476196,cross_layer
4,11570,8,10524,0.3068777620792389,cross_layer
4,15790,8,9213,0.3067089319229126,cross_layer
4,16146,8,9353,0.30599305033683777,cross_layer
4,16348,8,3255,0.3042910695075989,cross_layer
4,10986,8,8993,0.30408015847206116,cross_layer
4,5301,8,1687,0.3036344051361084,cross_layer
4,7229,8,10458,0.3031506836414337,cross_layer
4,8429,8,1869,0.3031182885169983,cross_layer
4,12131,8,13324,0.3023452162742615,cross_layer
4,13350,8,10458,0.3023073673248291,cross_layer
4,4245,8,3397,-0.30163052678108215,cross_layer
4,4245,8,7458,0.3010517656803131,cross_layer
